<?xml version="1.0" encoding="utf-8"?>
<!--
  ~ @package   plg_radicalmart_fields_subform
  ~ @version   1.0.0
  ~ @author    Dmitriy Vasyukov - https://fictionlabs.ru
  ~ @copyright Copyright (c) 2022 Fictionlabs. All rights reserved.
  ~ @license   GNU/GPL license: http://www.gnu.org/copyleft/gpl.html
  ~ @link      https://fictionlabs.ru/
  -->

<form>
    <fields>
        <fieldset>
            <field
                    context=""
                    name="customfield"
                    type="subformfields"
                    label="PLG_FIELDS_SUBFORM_PARAMS_CUSTOMFIELD_LABEL"
                    default=""
                    required="true"
            />

            <field
                    name="render_values"
                    type="radio"
                    label="PLG_FIELDS_SUBFORM_PARAMS_RENDER_VALUES_LABEL"
                    layout="joomla.form.field.radio.switcher"
                    default="1"
            >
                <option value="0">JNO</option>
                <option value="1">JYES</option>
            </field>
        </fieldset>
    </fields>
</form>